IMG_8337,期跡奇績3勝杯在握,12,13,第一章 頂底雙紅黑,左頁12為空白頁(無書名頁眉文字);右頁13為第一章章首大標題頁
IMG_8339,期跡奇績3勝杯在握,16,17,第一章 頂底雙紅黑,
IMG_8343,期跡奇績3勝杯在握,24,25,第一章 頂底雙紅黑,
IMG_8345,期跡奇績3勝杯在握,28,29,第一章 頂底雙紅黑,
IMG_8346,期跡奇績3勝杯在握,30,31,第一章 頂底雙紅黑,
IMG_8354,期跡奇績3勝杯在握,52,53,第二章 V字轉折,
IMG_8359,期跡奇績3勝杯在握,62,63,第二章 V字轉折,
IMG_8363,期跡奇績3勝杯在握,72,73,第三章 頂底母子訊號,
IMG_8365,期跡奇績3勝杯在握,76,77,第三章 頂底母子訊號,
IMG_8367,期跡奇績3勝杯在握,82,83,第四章 以牙還牙反轉訊號,左頁82為空白頁(無書名頁眉文字);右頁83為第四章章首大標題頁
IMG_8369,期跡奇績3勝杯在握,86,87,第四章 以牙還牙反轉訊號,
IMG_8371,期跡奇績3勝杯在握,90,91,第四章 以牙還牙反轉訊號,
IMG_8378,期跡奇績3勝杯在握,106,107,第五章 過三高與破三低訊號,
IMG_8380,期跡奇績3勝杯在握,110,111,第五章 過三高與破三低訊號,
IMG_8382,期跡奇績3勝杯在握,114,115,第五章 過三高與破三低訊號,
IMG_8385,期跡奇績3勝杯在握,122,123,第六章 K線慣性破壞訊號,
IMG_8389,期跡奇績3勝杯在握,130,131,第六章 K線慣性破壞訊號,
IMG_8398,期跡奇績3勝杯在握,148,149,第七章 開盤戰法,
IMG_8404,期跡奇績3勝杯在握,160,161,第八章 五分鐘順向策略,
IMG_8409,期跡奇績3勝杯在握,170,171,第八章 五分鐘順向策略,與IMG_8410為同一跨頁重複拍攝
IMG_8410,期跡奇績3勝杯在握,170,171,第八章 五分鐘順向策略,與IMG_8409為同一跨頁重複拍攝
IMG_8414,期跡奇績3勝杯在握,178,179,第八章 五分鐘順向策略,
IMG_8415,期跡奇績3勝杯在握,180,181,第八章 五分鐘順向策略,
IMG_8417,期跡奇績3勝杯在握,182,183,第八章 五分鐘順向策略,
IMG_8424,期跡奇績3勝杯在握,196,197,第九章 蜻蜓點水訊號,
IMG_8429,期跡奇績3勝杯在握,206,207,第九章 蜻蜓點水訊號,
IMG_8431,期跡奇績3勝杯在握,210,211,第九章 蜻蜓點水訊號,
IMG_8432,期跡奇績3勝杯在握,212,213,第九章 蜻蜓點水訊號,
IMG_8437,期跡奇績3勝杯在握,222,223,第九章 蜻蜓點水訊號,
IMG_8453,期跡奇績3勝杯在握,256,257,第十一章 以選擇權進行波段操作,拍攝範圍內未涵蓋第十章內容
IMG_8460,期跡奇績2,8,9,第一章 均線引出的策略,
IMG_8461,期跡奇績2,10,11,第一章 均線引出的策略,
IMG_8463,期跡奇績2,14,15,第一章 均線引出的策略,
IMG_8468,期跡奇績2,24,25,第一章 均線引出的策略,
IMG_8470,期跡奇績2,26,27,第一章 均線引出的策略,
IMG_8471,期跡奇績2,28,29,第一章 均線引出的策略,
IMG_8473,期跡奇績2,32,33,第一章 均線引出的策略,
IMG_8474,期跡奇績2,34,35,第一章 均線引出的策略,
IMG_8475,期跡奇績2,36,37,第一章 均線引出的策略,
IMG_8477,期跡奇績2,40,41,第一章 均線引出的策略,
IMG_8478,期跡奇績2,42,43,第一章 均線引出的策略,
IMG_8479,期跡奇績2,44,45,第一章 均線引出的策略,
IMG_8480,期跡奇績2,46,47,第一章 均線引出的策略,
IMG_8481,期跡奇績2,48,49,第一章 均線引出的策略,
IMG_8482,期跡奇績2,50,51,第一章 均線引出的策略,
IMG_8483,期跡奇績2,52,53,第一章 均線引出的策略,
IMG_8484,期跡奇績2,62,63,第一章 均線引出的策略,
IMG_8485,期跡奇績2,66,67,第二章 SAR轉化為買賣訊號,左頁66內容模糊近似空白(僅極淡殘影,無清晰書名頁眉文字);右頁67為第二章章首大標題頁
IMG_8486,期跡奇績2,68,69,第二章 SAR轉化為買賣訊號,
IMG_8487,期跡奇績2,70,71,第二章 SAR轉化為買賣訊號,
IMG_8488,期跡奇讀2,72,73,第二章 SARC 轉化為買賣訊號,
IMG_8490,期跡奇讀2,76,77,第二章 SARC 轉化為買賣訊號,
IMG_8491,期跡奇讀2,78,79,第二章 SARC 轉化為買賣訊號,
IMG_8492,期跡奇讀2,80,81,第二章 SARC 轉化為買賣訊號,
IMG_8493,期跡奇讀2,82,83,第二章 SARC 轉化為買賣訊號,
IMG_8494,期跡奇讀2,84,85,第二章 SARC 轉化為買賣訊號,
IMG_8495,期跡奇讀2,86,87,第二章 SARC 轉化為買賣訊號,
IMG_8496,期跡奇讀2,88,89,第二章 SARC 轉化為買賣訊號,
IMG_8497,期跡奇讀2,92,93,第三章 PVT 通道,右頁為新章開頭
IMG_8502,期跡奇讀2,102,103,第三章 PVT 通道,
IMG_8504,期跡奇讀2,106,107,第三章 PVT 通道,
IMG_8508,期跡奇讀2,114,115,第三章 PVT 通道,
IMG_8515,期跡奇讀2,130,131,第四章 跨週期KD指標搭配N型結構,
IMG_8518,期跡奇讀2,136,137,第四章 跨週期KD指標搭配N型結構,
IMG_8519,期跡奇讀2,138,139,第四章 跨週期KD指標搭配N型結構,
IMG_8522,期跡奇讀2,144,145,第四章 跨週期KD指標搭配N型結構,
IMG_8526,期跡奇讀2,152,153,第四章 跨週期KD指標搭配N型結構,
IMG_8530,期跡奇讀2,160,161,第五章 逆向訊號,
IMG_8542,期跡奇讀2,184,185,第五章 逆向訊號,
IMG_8543,期跡奇讀2,188,189,第六章 背離訊號總整理,右頁為新章開頭(第六章);左頁188屬第五章末頁
IMG_8545,期跡奇讀2,192,193,第六章 背離訊號總整理,
IMG_8549,期跡奇讀2,200,201,第六章 背離訊號總整理,
IMG_8554,期跡奇讀2,210,211,第六章 背離訊號總整理,
IMG_8558,期跡奇讀2,218,219,第六章 背離訊號總整理,右頁小節「一分鐘RSI背離訊號」
IMG_8560,期跡奇讀2,222,223,第六章 背離訊號總整理,
IMG_8561,期跡奇讀2,224,225,第六章 背離訊號總整理,
IMG_8564,期跡奇讀2,230,231,第六章 背離訊號總整理,
IMG_8565,期跡奇讀2,232,233,第六章 背離訊號總整理,右頁小節「一分鐘RSI正N倒N訊號」
IMG_8568,期跡奇讀2,238,239,第六章 背離訊號總整理,
IMG_8576,股技期招,?,?,第一章 K線運用之道,左頁為作者簡介/著作列表無頁碼;右頁為第一章開頭無頁碼
IMG_8577,股技期招,?,?,第一章 K線運用之道,與IMG_8576同跨頁重複拍攝
IMG_8578,股技期招,2,3,第一章 K線運用之道,
IMG_8579,股技期招,4,5,第一章 K線運用之道,
IMG_8580,股技期招,4,5,第一章 K線運用之道,與IMG_8579同跨頁重複拍攝
IMG_8581,股技期招,6,7,第一章 K線運用之道,
IMG_8582,股技期招,8,9,第一章 K線運用之道,
IMG_8583,股技期招,10,11,第一章 K線運用之道,
IMG_8584,股技期招,12,13,第一章 K線運用之道,
IMG_8585,股技期招,14,15,第一章 K線運用之道,
IMG_8586,股技期招,16,17,第一章 K線運用之道,
IMG_8587,股技期招,18,19,第一章 K線運用之道,
IMG_8588,股技期招,20,21,第一章 K線運用之道,
IMG_8589,股技期招,22,23,第一章 K線運用之道,
IMG_8590,股技期招,24,25,第一章 K線運用之道,
IMG_8591,股技期招,24,25,第一章 K線運用之道,與IMG_8590同跨頁重複拍攝
IMG_8592,股技期招,26,27,第一章 K線運用之道,
IMG_8593,股技期招,28,29,第一章 K線運用之道,
IMG_8594,股技期招,30,31,第一章 K線運用之道,右頁另有小節「第二節 K線慣性操作」
IMG_8595,股技期招,32,33,第一章 K線運用之道,
IMG_8596,股技期招,34,35,第一章 K線運用之道,
IMG_8597,股技期招,34,35,第一章 K線運用之道,
IMG_8598,股技期招,36,37,第一章 K線運用之道,
IMG_8599,股技期招,38,39,第一章 K線運用之道,
IMG_8600,股技期招,40,41,第一章 K線運用之道,
IMG_8601,股技期招,42,43,第一章 K線運用之道,
IMG_8602,股技期招,44,45,第一章 K線運用之道,
IMG_8603,股技期招,46,47,第一章 K線運用之道,
IMG_8604,股技期招,48,49,第一章 K線運用之道,
IMG_8605,股技期招,50,51,第一章 K線運用之道,
IMG_8606,股技期招,52,53,第一章 K線運用之道,
IMG_8607,股技期招,54,55,第一章 K線運用之道,
IMG_8608,股技期招,56,57,第一章 K線運用之道,
IMG_8609,股技期招,58,59,第一章 K線運用之道,
IMG_8610,股技期招,60,61,第一章 K線運用之道,
IMG_8611,股技期招,62,63,第一章 K線運用之道,
IMG_8612,股技期招,64,65,第一章 K線運用之道,
IMG_8613,股技期招,66,67,第一章 K線運用之道,
IMG_8614,股技期招,68,69,第一章 K線運用之道,
IMG_8615,股技期招,70,71,第一章 K線運用之道,
IMG_8616,股技期招,72,73,第一章 K線運用之道,
IMG_8617,股技期招,74,75,第一章 K線運用之道,
IMG_8618,股技期招,76,77,第一章 K線運用之道,左頁小節標題:日線結構轉折點與趨勢線的買賣訊號
IMG_8619,股技期招,78,79,第一章 K線運用之道,
IMG_8620,股技期招,80,81,第一章 K線運用之道,
IMG_8621,股技期招,82,83,第一章 K線運用之道,右頁小節標題:第六節 停損模式
IMG_8622,股技期招,84,85,第一章 K線運用之道,右頁小節標題:一、根據大K線之真實高低點為停損基礎
IMG_8623,股技期招,86,87,第一章 K線運用之道,右頁小節標題:二/三、高低轉折點/二根K線區間 為移動基礎之停損停利模式
IMG_8624,股技期招,88,89,第一章 K線運用之道,右頁小節標題:四、以N根K線區間之最高最低點做為移動停損停利位置之模式
IMG_8625,股技期招,90,91,第二章 RSI與KD的特殊用法,右頁為第二章章名頁,小節標題:第一節 運用RSI慣性改變找買點;左頁90無明顯文字書眉(僅承接前頁圖表)
IMG_8626,股技期招,92,93,第二章 RSI與KD的特殊用法,
IMG_8627,股技期招,94,95,第二章 RSI與KD的特殊用法,
IMG_8628,股技期招,96,97,第二章 RSI與KD的特殊用法,
IMG_8629,股技期招,98,99,第二章 RSI與KD的特殊用法,右頁小節標題:第二節 RSI低值買點及背離買點
IMG_8630,股技期招,100,101,第二章 RSI與KD的特殊用法,
IMG_8631,股技期招,102,103,第二章 RSI與KD的特殊用法,
IMG_8632,股技期招,104,105,第二章 RSI與KD的特殊用法,
IMG_8633,股技期招,106,107,第二章 RSI與KD的特殊用法,
IMG_8634,股技期招,108,109,第二章 RSI與KD的特殊用法,右頁小節標題:第三節 RSI穿越80配合大漲K線
IMG_8635,股技期招,110,111,第二章 RSI與KD的特殊用法,
IMG_8636,股技期招,112,113,第二章 RSI與KD的特殊用法,
IMG_8637,股技期招,114,115,第二章 RSI與KD的特殊用法,右頁小節標題:第四節 KD買賣點分布介紹
IMG_8638,股技期招,116,117,第二章 RSI與KD的特殊用法,
IMG_8639,股技期招,118,119,第二章 RSI與KD的特殊用法,
IMG_8640,股技期招,120,121,第二章 RSI與KD的特殊用法,右頁小節標題:第五節 KD值交易訊號提前反應的可行性
IMG_8641,股技期招,120,121,第二章 RSI與KD的特殊用法,與IMG_8640為同一跨頁的重複拍攝(內容相同)
IMG_8642,股技期招,122,123,第二章 RSI與KD的特殊用法,
IMG_8643,股技期招,124,125,第二章 RSI與KD的特殊用法,
IMG_8644,股技期招,126,127,第二章 RSI與KD的特殊用法,
IMG_8645,股技期招,128,129,第二章 RSI與KD的特殊用法,左頁小節標題:二、均線多排,K值走低,K值轉折向上,收陽線買進
IMG_8646,股技期招,130,131,第二章 RSI與KD的特殊用法,
IMG_8647,股技期招,132,133,第二章 RSI與KD的特殊用法,
IMG_8648,股技期招,134,?,第三章 MACD運用要點,右頁為章名頁頁碼模糊看不清
IMG_8649,股技期招,136,137,第三章 MACD運用要點,
IMG_8650,股技期招,138,139,第三章 MACD運用要點,
IMG_8651,股技期招,140,141,第三章 MACD運用要點,
IMG_8652,股技期招,142,143,第三章 MACD運用要點,
IMG_8653,股技期招,144,145,第三章 MACD運用要點,
IMG_8654,股技期招,146,147,第三章 MACD運用要點,
IMG_8655,股技期招,148,149,第三章 MACD運用要點,
IMG_8656,股技期招,148,149,第三章 MACD運用要點,與IMG_8655同一跨頁重複拍攝
IMG_8657,股技期招,150,151,第三章 MACD運用要點,
IMG_8658,股技期招,152,153,第三章 MACD運用要點,
IMG_8659,股技期招,154,155,第三章 MACD運用要點,
IMG_8660,股技期招,156,157,第三章 MACD運用要點,
IMG_8661,股技期招,158,159,第三章 MACD運用要點,
IMG_8662,股技期招,160,161,第三章 MACD運用要點,
IMG_8663,股技期招,162,163,第三章 MACD運用要點,
IMG_8664,股技期招,164,?,第四章 尋找極端買賣點,右頁為章名頁頁碼模糊看不清
IMG_8665,股技期招,166,167,第四章 尋找極端買賣點,
IMG_8666,股技期招,168,169,第四章 尋找極端買賣點,
IMG_8667,股技期招,170,171,第四章 尋找極端買賣點,
IMG_8668,股技期招,172,173,第四章 尋找極端買賣點,
IMG_8669,股技期招,174,175,第四章 尋找極端買賣點,
IMG_8670,股技期招,174,175,第四章 尋找極端買賣點,與IMG_8669同一跨頁重複拍攝
IMG_8671,股技期招,176,177,第四章 尋找極端買賣點,
IMG_8672,股技期招,178,179,第四章 尋找極端買賣點,
IMG_8673,股技期招,180,181,第四章 尋找極端買賣點,
IMG_8674,股技期招,182,183,第四章 尋找極端買賣點,
IMG_8675,股技期招,184,185,第四章 尋找極端買賣點,
IMG_8676,股技期招,186,187,第四章 尋找極端買賣點,
IMG_8677,股技期招,188,189,第四章 尋找極端買賣點,
IMG_8678,股技期招,190,191,第四章 尋找極端買賣點,
IMG_8679,股技期招,192,193,第四章 尋找極端買賣點,
IMG_8680,股技期招,194,195,第四章 尋找極端買賣點,
IMG_8681,股技期招,196,197,第四章 尋找極端買賣點,
IMG_8682,股技期招,198,199,第四章 尋找極端買賣點,
IMG_8683,股技期招,200,201,第四章 尋找極端買賣點,
IMG_8684,股技期招,202,203,第四章 尋找極端買賣點,
IMG_8698,期跡奇續2,76,77,第二章 SARC轉化為買賣訊號,
IMG_8699,期跡奇續2,78,79,第二章 SARC轉化為買賣訊號,
IMG_8700,期跡奇續2,80,81,第二章 SARC轉化為買賣訊號,
IMG_8701,期跡奇續2,82,83,第二章 SARC轉化為買賣訊號,
IMG_8702,期跡奇續2,84,85,第二章 SARC轉化為買賣訊號,
IMG_8703,期跡奇續2,86,87,第二章 SARC轉化為買賣訊號,
IMG_8704,期跡奇續2,88,89,第二章 SARC轉化為買賣訊號,
IMG_8705,期跡奇續2,90,91,第三章 PVT通道,右頁為第三章章名起始頁(內文標題PVT通道結合N型結構)頁首字跡淡不易辨識
IMG_8706,期跡奇續2,92,93,第三章 PVT通道,
IMG_8707,期跡奇續2,106,107,第三章 PVT通道,
IMG_8708,期跡奇績3 勝杯在握,178,179,第八章 五分鐘順向策略,
IMG_8709,期跡奇績3 勝杯在握,206,207,第九章 蜻蜓點水訊號,
IMG名稱,書名書眉原文,左頁頁碼,右頁頁碼,章名原文,備註
IMG_8710,股技期招,204,,第四章 尋找極端買賣點,單頁直拍；圖4-38、4-39；第四章最後一頁（右側可見p.205標題「後…」，為後記）
IMG_8711,股技期招,?,,附錄,單頁直拍；頁碼太淡看不清，依下一張p.210推定為p.209；附錄首頁：台指期五分鐘PVT通道操作系統
IMG_8712,股技期招,210,,附錄,單頁直拍；台指期一分鐘差值操作法
IMG_8713,股技期招,211,,附錄,單頁直拍；雙乖離差值指標及買賣訊號
IMG_8714,股技期招,212,,附錄,單頁直拍；超低買點訊號
