tool,exp,tf,verdict,passed_h,v_1根,v_3根,v_6根,v_12根,v_60分,v_收盤
無遮蔽_延續,同週期,2,無,,無,無,無,無,無,無
無遮蔽_延續,3倍,2,弱,,無,弱,弱,弱,弱,無
無遮蔽_延續,3倍_無延遲,2,弱,,無,無,弱,弱,無,無
無遮蔽_當日,同週期,2,無,,無,無,無,無,無,無
無遮蔽_當日,3倍,2,有用,3根/6根/12根/60分,弱,通過,通過,通過,通過,無
無遮蔽_當日,3倍_無延遲,2,有用,6根/12根/60分,弱,弱,通過,通過,通過,無
PVT_L2,同週期,2,無,,無,無,無,無,無,無
PVT_L2,3倍,2,弱,,無,無,無,無,弱,弱
PVT_L2,3倍_無延遲,2,弱,,無,無,無,無,弱,弱
PVT_L4,同週期,2,弱,,無,無,無,無,無,弱
PVT_L4,3倍,2,無,,無,無,無,無,無,無
PVT_L4,3倍_無延遲,2,無,,無,無,無,無,無,無
q2-01_MA30位置,同週期,2,弱,,無,無,無,無,無,弱
q2-01_MA30位置,3倍,2,有用,60分/收盤,無,無,弱,弱,通過,通過
q2-01_MA30位置,3倍_無延遲,2,有用,收盤,無,無,無,弱,弱,通過
q2-02_SAR,同週期,2,弱,,無,無,無,無,無,弱
q2-02_SAR,3倍,2,有用,收盤,無,無,無,無,弱,通過
q2-02_SAR,3倍_無延遲,2,有用,收盤,無,無,無,無,無,通過
q2-04-01_15分KD,同週期,2,有用,收盤,無,無,無,無,無,通過
q2-04-02_四柱_位置+根數,同週期,2,無,,無,無,無,無,無,無
q2-04-02_四柱_根數,同週期,2,無,,無,無,無,無,無,無
MA10方向,同週期,2,弱,,反向,無,無,無,無,弱
MA10方向,3倍,2,有用,收盤,無,無,無,無,弱,通過
MA10方向,3倍_無延遲,2,有用,收盤,無,無,無,無,弱,通過
MA10位置,同週期,2,弱,,無,無,無,無,無,弱
MA10位置,3倍,2,有用,收盤,無,無,無,無,弱,通過
MA10位置,3倍_無延遲,2,弱,,無,無,無,無,無,弱
q3-11_30分MA100,同週期,2,無,,無,無,無,無,無,無
cz-04-01_河流全排列,同週期,2,有用,收盤,無,無,無,無,弱,通過
cz-04-01_河流全排列,3倍,2,有用,6根/12根/60分,弱,弱,通過,通過,通過,弱
cz-04-01_河流全排列,3倍_無延遲,2,有用,12根/60分,弱,弱,弱,通過,通過,弱
cz-04-01_河流EMA55換位,同週期,2,弱,,無,無,無,無,弱,弱
cz-04-01_河流EMA55換位,3倍,2,弱,,弱,弱,弱,弱,弱,弱
cz-04-01_河流EMA55換位,3倍_無延遲,2,弱,,弱,弱,弱,弱,弱,弱
cz-04-02_EMA30/55,同週期,2,有用,收盤,無,無,弱,弱,弱,通過
cz-04-02_EMA30/55,3倍,2,弱,,無,無,弱,弱,弱,弱
cz-04-02_EMA30/55,3倍_無延遲,2,弱,,無,無,無,弱,弱,弱
cz-03-01_MA10/20,同週期,2,弱,,無,無,無,無,無,弱
cz-03-01_MA10/20,3倍,2,弱,,弱,弱,弱,弱,弱,弱
cz-03-01_MA10/20,3倍_無延遲,2,弱,,弱,弱,弱,弱,弱,弱
gq-01-11_MA20/50,同週期,2,有用,60分,無,無,無,弱,通過,弱
gq-01-11_MA20/50,3倍,2,弱,,弱,弱,弱,弱,弱,弱
gq-01-11_MA20/50,3倍_無延遲,2,弱,,弱,弱,弱,弱,弱,弱
gq-01-11_5日/3日均線,同週期,2,弱,,無,無,無,弱,弱,無
基準_平盤上下,同週期,2,弱,,無,無,無,無,無,弱
基準_跳空方向,同週期,2,無,,無,無,無,無,無,無
基準_首根K方向,同週期,2,無,,無,無,無,無,無,無
cz-05-01_年線,同週期,2,無,,無,無,無,無,無,無
gs-02_週KD,同週期,2,弱,,弱,弱,弱,弱,弱,無
gq-02_牛熊(日MA5/20),同週期,2,弱,,弱,弱,弱,弱,弱,弱
無遮蔽_延續,同週期,3,無,,無,無,無,無,無,無
無遮蔽_延續,3倍,3,無,,無,無,無,無,無,無
無遮蔽_延續,3倍_無延遲,3,無,,無,無,無,無,無,無
無遮蔽_當日,同週期,3,弱,,無,無,無,無,弱,無
無遮蔽_當日,3倍,3,弱,,弱,弱,弱,弱,弱,弱
無遮蔽_當日,3倍_無延遲,3,弱,,弱,弱,弱,弱,弱,弱
PVT_L2,同週期,3,弱,,無,無,無,無,無,弱
PVT_L2,3倍,3,弱,,無,無,無,無,無,弱
PVT_L2,3倍_無延遲,3,弱,,無,無,無,無,無,弱
PVT_L4,同週期,3,弱,,無,無,無,無,無,弱
PVT_L4,3倍,3,弱,,無,無,弱,弱,弱,無
PVT_L4,3倍_無延遲,3,弱,,無,無,弱,弱,弱,無
q2-01_MA30位置,同週期,3,弱,,無,無,無,無,無,弱
q2-01_MA30位置,3倍,3,弱,,無,無,無,無,弱,弱
q2-01_MA30位置,3倍_無延遲,3,弱,,無,無,無,無,無,弱
q2-02_SAR,同週期,3,弱,,無,無,無,無,無,弱
q2-02_SAR,3倍,3,弱,,無,無,無,無,無,弱
q2-02_SAR,3倍_無延遲,3,弱,,無,無,無,無,無,弱
q2-04-01_15分KD,同週期,3,弱,,無,無,無,無,無,弱
q2-04-02_四柱_位置+根數,同週期,3,無,,無,無,無,無,無,無
q2-04-02_四柱_根數,同週期,3,弱,,無,無,無,無,弱,無
MA10方向,同週期,3,有用,收盤,無,無,無,無,無,通過
MA10方向,3倍,3,弱,,無,弱,弱,弱,弱,弱
MA10方向,3倍_無延遲,3,弱,,無,無,弱,弱,弱,弱
MA10位置,同週期,3,弱,,無,無,無,無,無,弱
MA10位置,3倍,3,有用,收盤,無,無,無,無,弱,通過
MA10位置,3倍_無延遲,3,有用,收盤,無,無,無,無,弱,通過
q3-11_30分MA100,同週期,3,無,,無,無,無,無,無,無
cz-04-01_河流全排列,同週期,3,弱,,無,無,弱,弱,弱,弱
cz-04-01_河流全排列,3倍,3,有用,6根/60分,弱,弱,通過,弱,通過,弱
cz-04-01_河流全排列,3倍_無延遲,3,有用,60分,弱,弱,弱,弱,通過,弱
cz-04-01_河流EMA55換位,同週期,3,弱,,無,弱,弱,弱,弱,弱
cz-04-01_河流EMA55換位,3倍,3,弱,,弱,弱,弱,弱,弱,無
cz-04-01_河流EMA55換位,3倍_無延遲,3,弱,,弱,弱,弱,弱,弱,無
cz-04-02_EMA30/55,同週期,3,弱,,無,無,無,無,弱,弱
cz-04-02_EMA30/55,3倍,3,僅短h,12根,弱,弱,弱,通過,弱,弱
cz-04-02_EMA30/55,3倍_無延遲,3,弱,,弱,弱,弱,弱,弱,弱
cz-03-01_MA10/20,同週期,3,弱,,無,無,無,無,無,弱
cz-03-01_MA10/20,3倍,3,僅短h,3根/6根/12根,弱,通過,通過,通過,弱,弱
cz-03-01_MA10/20,3倍_無延遲,3,僅短h,1根/3根/6根/12根,通過,通過,通過,通過,弱,弱
gq-01-11_MA20/50,同週期,3,有用,12根/60分,弱,弱,弱,通過,通過,弱
gq-01-11_MA20/50,3倍,3,弱,,弱,弱,弱,弱,弱,弱
gq-01-11_MA20/50,3倍_無延遲,3,弱,,弱,弱,弱,弱,弱,弱
gq-01-11_5日/3日均線,同週期,3,弱,,無,無,弱,弱,弱,無
基準_平盤上下,同週期,3,弱,,無,無,無,無,無,弱
基準_跳空方向,同週期,3,無,,無,無,無,無,無,無
基準_首根K方向,同週期,3,無,,無,無,無,無,無,無
cz-05-01_年線,同週期,3,無,,無,無,無,無,無,無
gs-02_週KD,同週期,3,弱,,弱,弱,弱,弱,弱,無
gq-02_牛熊(日MA5/20),同週期,3,弱,,弱,弱,弱,弱,弱,弱
無遮蔽_延續,同週期,5,僅短h,1根/3根/6根,通過,通過,通過,弱,弱,弱
無遮蔽_延續,3倍,5,無,,無,無,無,無,無,無
無遮蔽_延續,3倍_無延遲,5,弱,,弱,無,無,無,無,無
無遮蔽_當日,同週期,5,僅短h,6根,弱,弱,通過,弱,弱,弱
無遮蔽_當日,3倍,5,弱,,弱,弱,弱,無,無,無
無遮蔽_當日,3倍_無延遲,5,僅短h,1根,通過,弱,弱,無,無,無
PVT_L2,同週期,5,有用,收盤,無,無,無,無,無,通過
PVT_L2,3倍,5,弱,,無,弱,無,弱,弱,無
PVT_L2,3倍_無延遲,5,無,,無,無,無,無,無,無
PVT_L4,同週期,5,弱,,無,無,無,弱,弱,弱
PVT_L4,3倍,5,有用,1根/3根/12根/60分,通過,通過,弱,通過,通過,弱
PVT_L4,3倍_無延遲,5,有用,3根/6根/12根/60分,弱,通過,通過,通過,通過,弱
q2-01_MA30位置,同週期,5,有用,收盤,無,無,弱,弱,弱,通過
q2-01_MA30位置,3倍,5,有用,12根/60分,無,弱,弱,通過,通過,弱
q2-01_MA30位置,3倍_無延遲,5,弱,,無,無,弱,弱,弱,弱
q2-02_SAR,同週期,5,有用,收盤,無,無,無,弱,弱,通過
q2-02_SAR,3倍,5,有用,1根/3根/6根/12根/60分,通過,通過,通過,通過,通過,弱
q2-02_SAR,3倍_無延遲,5,有用,3根/6根/12根/60分/收盤,弱,通過,通過,通過,通過,通過
q2-04-01_15分KD,同週期,5,弱,,無,無,無,無,無,弱
q2-04-02_四柱_位置+根數,同週期,5,無,,無,無,無,無,無,無
q2-04-02_四柱_根數,同週期,5,無,,無,無,無,無,無,無
MA10方向,同週期,5,弱,,無,無,無,無,無,弱
MA10方向,3倍,5,有用,1根/3根/6根/12根/60分,通過,通過,通過,通過,通過,弱
MA10方向,3倍_無延遲,5,有用,12根/60分,無,弱,弱,通過,通過,弱
MA10位置,同週期,5,弱,,無,無,無,無,無,弱
MA10位置,3倍,5,有用,1根/3根/6根/12根/60分/收盤,通過,通過,通過,通過,通過,通過
MA10位置,3倍_無延遲,5,有用,12根/60分/收盤,無,弱,弱,通過,通過,通過
q3-11_30分MA100,同週期,5,無,,無,無,無,無,無,無
cz-04-01_河流全排列,同週期,5,有用,12根/60分,無,弱,弱,通過,通過,弱
cz-04-01_河流全排列,3倍,5,弱,,無,無,弱,弱,弱,弱
cz-04-01_河流全排列,3倍_無延遲,5,弱,,無,無,無,弱,弱,弱
cz-04-01_河流EMA55換位,同週期,5,弱,,無,弱,弱,弱,弱,弱
cz-04-01_河流EMA55換位,3倍,5,無,,無,無,無,無,無,無
cz-04-01_河流EMA55換位,3倍_無延遲,5,無,,無,無,無,無,無,無
cz-04-02_EMA30/55,同週期,5,弱,,無,無,無,弱,弱,弱
cz-04-02_EMA30/55,3倍,5,無,,無,無,無,無,無,無
cz-04-02_EMA30/55,3倍_無延遲,5,弱,,無,無,無,弱,弱,無
cz-03-01_MA10/20,同週期,5,弱,,無,弱,弱,弱,弱,弱
cz-03-01_MA10/20,3倍,5,弱,,弱,弱,弱,弱,弱,弱
cz-03-01_MA10/20,3倍_無延遲,5,弱,,弱,弱,無,弱,弱,弱
gq-01-11_MA20/50,同週期,5,僅短h,1根/3根/6根,通過,通過,通過,弱,弱,弱
gq-01-11_MA20/50,3倍,5,無,,無,無,無,無,無,無
gq-01-11_MA20/50,3倍_無延遲,5,無,,無,無,無,無,無,無
gq-01-11_5日/3日均線,同週期,5,弱,,無,弱,弱,弱,弱,無
基準_平盤上下,同週期,5,弱,,無,無,無,無,無,弱
基準_跳空方向,同週期,5,無,,無,無,無,無,無,無
基準_首根K方向,同週期,5,無,,無,無,無,無,無,無
cz-05-01_年線,同週期,5,無,,無,無,無,無,無,無
gs-02_週KD,同週期,5,弱,,弱,弱,弱,弱,弱,無
gq-02_牛熊(日MA5/20),同週期,5,弱,,弱,弱,弱,弱,弱,弱
